first name,last name,street address,email,phone
Artemus,Folca,22628 Beilfuss Trail,afolca0@apple.com,297-613-7897
Darren,Fairbrace,36141 Meadow Vale Road,dfairbrace1@utexas.edu,121-281-6215
Agnes,Beggini,14402 Golf View Park,abeggini2@ehow.com,405-607-6484
Waylan,Carpenter,9404 Merchant Court,wcarpenter3@samsung.com,558-982-4975
Randie,Blincko,0855 South Pass,rblincko4@sfgate.com,947-151-3145
Alika,Kristoffersen,5899 Lukken Drive,akristoffersen5@studiopress.com,309-605-5720
Daryl,Mc Corley,2483 Tennyson Lane,dmccorley6@freewebs.com,350-853-0771
Barr,Valens-Smith,1 Sunfield Street,bvalenssmith7@wikipedia.org,131-145-6527
Nelson,Huggan,7 Holmberg Circle,nhuggan8@umn.edu,783-669-8472
Konstance,Lorenzetti,78 Eastwood Terrace,klorenzetti9@cloudflare.com,522-297-1457
Lemmy,McLaggan,3533 Banding Place,lmclaggana@census.gov,104-927-0518
Angel,Gookey,92 Huxley Junction,agookeyb@sakura.ne.jp,989-103-0780
Maryellen,Hadingham,1971 Badeau Hill,mhadinghamc@typepad.com,664-290-8952
Shelba,Wey,4 Myrtle Road,sweyd@google.pl,464-944-8874
Roddie,Ailward,56 Kenwood Circle,railwardf@cisco.com,843-616-8533
Charin,Dewdney,317 Bobwhite Drive,cdewdneyg@thetimes.co.uk,644-438-9550
Angeli,Collinette,0 Dennis Park,acollinetteh@europa.eu,254-216-9365
Anson,Baroc,53 Saint Paul Parkway,abaroci@jigsy.com,132-207-9563
Valry,Courage,6 Caliangt Parkway,vcouragej@creativecommons.org,633-894-0486
Hadley,Berryman,79771 Knutson Street,hberrymank@archive.org,780-210-8392
Hasheem,Dreschler,29 Northwestern Hill,hdreschlerl@behance.net,275-927-7504
Kamillah,Glavis,1 Banding Way,kglavism@t-online.de,268-442-1903
Lorianna,Vreiberg,77 Golf View Plaza,lvreibergn@baidu.com,326-194-0542
Florinda,Simison,49141 Hauk Plaza,fsimisono@woothemes.com,230-315-9420
Drusilla,Brokenshire,667 Texas Place,dbrokenshirep@zimbio.com,584-138-6784
Marshal,O'Currine,8 Ilene Court,mocurrineq@craigslist.org,912-348-8779
Brant,Goter,989 Jay Street,bgoterr@edublogs.org,721-960-9228
Teriann,Duester,6 Fuller Parkway,tduesters@kickstarter.com,228-758-2030
Tammie,Rosewall,023 Scofield Road,trosewallt@e-recht24.de,962-101-9083
Ethelyn,Caherny,874 Carpenter Pass,ecahernyu@arstechnica.com,707-459-8273
Mab,Pierse,9 Bluejay Crossing,mpiersev@ed.gov,366-881-2056
Desdemona,Wolfinger,63839 Badeau Road,dwolfingerw@naver.com,877-242-4024
Krishna,Crandon,86388 Maywood Place,kcrandonx@amazon.com,246-956-2073
Barny,Keefe,87727 Merry Road,bkeefey@a8.net,397-367-2669
Sibley,Batchley,5 Artisan Place,sbatchleyz@twitter.com,682-989-1605
Herc,Bracey,43 Mccormick Place,hbracey10@e-recht24.de,354-189-6315
Bone,Gomby,600 Amoth Park,bgomby11@goo.ne.jp,934-675-2912
Rosalinda,Fullman,2 Longview Alley,rfullman12@reuters.com,820-826-9719
Darleen,Hartgill,8041 Sycamore Hill,dhartgill13@cargocollective.com,962-728-5118
Rooney,Lofting,2 Fallview Terrace,rlofting14@ycombinator.com,621-920-9552
Cathe,Ridder,1796 Larry Parkway,cridder15@icq.com,141-580-3454
Henriette,Kensit,96044 Vidon Avenue,hkensit16@simplemachines.org,333-157-8307
Remus,Duetschens,046 Di Loreto Court,rduetschens17@1688.com,864-667-7914
Jeniffer,Cowtherd,63 Service Avenue,jcowtherd18@php.net,845-276-8412
Alana,Scutching,3990 Golf Course Circle,ascutching19@cmu.edu,588-630-6220
Evaleen,Bane,9053 Westridge Point,ebane1a@github.io,530-280-6482
Chalmers,Calf,18353 Blackbird Trail,ccalf1b@wp.com,709-449-9539
Brynna,Voaden,19 Loftsgordon Road,bvoaden1c@icq.com,516-891-3068
Hugo,Shorter,885 Harbort Road,hshorter1d@cornell.edu,948-112-9110
Terence,Turle,02 Old Shore Court,tturle1e@oaic.gov.au,308-465-4542
Morena,Henricsson,35960 Eastlawn Terrace,mhenricsson1f@techcrunch.com,836-169-3474
Niccolo,Knipe,63 Rigney Pass,nknipe1g@zdnet.com,480-143-6507
Arturo,Richardson,2 Killdeer Way,arichardson1h@istockphoto.com,750-397-3785
Thia,Osgarby,7 Nobel Avenue,tosgarby1i@wufoo.com,560-503-0708
Burl,O'Siaghail,0 Northland Way,bosiaghail1j@mail.ru,151-741-5555
Peirce,Giannini,55 Scofield Terrace,pgiannini1k@hp.com,765-189-0714
Augie,Bridgeman,366 Hoffman Way,abridgeman1l@youtube.com,236-293-2131
Madeline,Readshall,4 Gulseth Park,mreadshall1m@addtoany.com,675-349-5475
Simona,Rickert,651 Red Cloud Way,srickert1n@xinhuanet.com,219-961-8674
Boot,Postance,9290 Lien Terrace,bpostance1o@java.com,296-961-0363
Deny,Sunnucks,8184 Bay Crossing,dsunnucks1p@google.nl,716-107-8208
Kare,Campey,33 Heath Crossing,kcampey1q@cornell.edu,782-353-7169
Michale,Soan,34871 Sutherland Drive,msoan1r@fda.gov,732-778-9633
Guglielmo,Parfitt,4420 Heath Crossing,gparfitt1s@blogger.com,120-150-8579
Cecily,Ebdon,961 Warbler Plaza,cebdon1t@icq.com,889-891-2427
Andris,Kitcat,3290 Hanson Circle,akitcat1u@latimes.com,786-445-1590
Kassandra,Lidgely,0509 Londonderry Park,klidgely1v@cdc.gov,798-796-1366
Vassily,Aindrais,747 Manufacturers Lane,vaindrais1w@wired.com,244-198-3197
Sarena,Blissitt,95299 Swallow Junction,sblissitt1x@who.int,664-690-7131
Laverne,Mussared,81 Lukken Street,lmussared1y@yandex.ru,390-347-7725
Erie,Batisse,80 Kinsman Parkway,ebatisse1z@devhub.com,982-253-9783
Erie,Batisse,80 Kinsman Parkway,ebatisse1z@devhub.com,982-253-9783
Justen,Allwood,59301 Lighthouse Bay Street,jallwood20@plala.or.jp,703-737-9613
Titus,Waith,72734 Esch Crossing,twaith21@pinterest.com,979-975-4977
Koralle,Duce,9278 Sunfield Hill,kduce22@php.net,834-652-6290
Sauncho,Sehorsch,50356 Jackson Park,ssehorsch23@freewebs.com,749-510-8235
Deny,Fallows,15751 Ilene Crossing,dfallows24@cocolog-nifty.com,675-818-5619
Cassaundra,Peever,35808 Lerdahl Junction,cpeever25@fda.gov,212-227-6041
Claudetta,Tincey,5258 Morrow Court,ctincey26@stanford.edu,225-846-6245
Brander,Wingar,05653 Stone Corner Junction,bwingar27@imageshack.us,685-960-2443
Thorndike,Liveing,793 Bashford Crossing,tliveing28@canalblog.com,820-172-8469
Fredrika,Uzielli,5 Valley Edge Parkway,fuzielli29@fda.gov,151-148-5079
Thain,Bysh,6242 Declaration Terrace,tbysh2a@plala.or.jp,869-766-0707
Elmore,Shimmans,532 Melrose Pass,eshimmans2b@rediff.com,326-275-6724
Peggy,Meron,285 Northview Trail,pmeron2c@fda.gov,499-991-5914
Pooh,Bruckenthal,63993 Holmberg Avenue,pbruckenthal2d@nifty.com,143-617-3839
Farrel,Cosin,7797 Browning Parkway,fcosin2e@ed.gov,958-181-3751
Ewart,Colnett,3 Bobwhite Plaza,ecolnett2f@imdb.com,231-994-2932
Leilah,Shotbolt,72660 Lighthouse Bay Road,lshotbolt2g@elegantthemes.com,800-957-5068
Bernete,Canniffe,6624 Columbus Way,bcanniffe2h@flickr.com,908-971-6410
Whit,Crann,26 Florence Drive,wcrann2i@hexun.com,562-712-8311
Jerrold,Barg,3458 Manufacturers Center,jbarg2j@myspace.com,974-521-7820
Ernestine,Waything,34351 Artisan Road,ewaything2k@cargocollective.com,817-696-5953
Wilt,Agent,6888 Lerdahl Crossing,wagent2l@dyndns.org,805-682-1188
Maria,Shailer,8 Roxbury Street,mshailer2m@yandex.ru,280-821-6389
Mikael,Read,43417 Bunker Hill Place,mread2n@edublogs.org,879-705-3029
Godfree,Seiter,29 Elmside Place,gseiter2o@omniture.com,572-449-6834
Gussi,Horsell,16 Clove Road,ghorsell2p@samsung.com,206-805-5596
Benito,Talby,76 Katie Junction,btalby2q@list-manage.com,873-963-7317
Iain,Kaminski,66704 Corry Terrace,ikaminski2r@nature.com,143-536-3287
,,,,
,,,,
,,,,
